image_name,xmin,xmax,ymin,ymax,class_id
roadmark_0011.jpg,126,153,156,166,1
roadmark_0011.jpg,154,170,148,155,1
roadmark_0012.jpg,120,150,157,169,1
roadmark_0012.jpg,150,170,148,156,1
roadmark_0013.jpg,114,146,160,173,1
roadmark_0013.jpg,146,167,150,157,1
roadmark_0014.jpg,107,140,162,175,1
roadmark_0014.jpg,144,164,151,158,1
roadmark_0015.jpg,142,164,152,160,1
roadmark_0015.jpg,97,133,164,180,1
roadmark_0016.jpg,244,274,150,170,2
roadmark_0016.jpg,179,214,154,168,1
roadmark_0016.jpg,120,150,154,168,1
roadmark_0019.jpg,244,278,154,172,2
roadmark_0019.jpg,179,214,156,171,1
roadmark_0019.jpg,114,146,156,170,1
roadmark_0022.jpg,110,137,161,172,1
roadmark_0022.jpg,250,283,158,173,2
roadmark_0022.jpg,178,214,160,174,1
roadmark_0025.jpg,174,216,163,178,1
roadmark_0025.jpg,251,289,162,176,2
roadmark_0025.jpg,102,133,162,176,1
roadmark_0028.jpg,256,298,162,182,2
roadmark_0028.jpg,170,216,166,183,1
roadmark_0028.jpg,92,126,166,182,1
roadmark_0031.jpg,263,304,167,190,2
roadmark_0031.jpg,79,115,169,187,1
roadmark_0031.jpg,164,216,168,187,1
roadmark_0034.jpg,159,222,170,197,1
roadmark_0034.jpg,266,315,171,196,2
roadmark_0034.jpg,63,106,173,191,1
roadmark_0037.jpg,116,146,154,168,1
roadmark_0037.jpg,178,217,156,170,1
roadmark_0037.jpg,244,276,152,168,2
roadmark_0040.jpg,246,280,157,173,2
roadmark_0040.jpg,110,140,158,172,1
roadmark_0040.jpg,176,215,156,172,1
roadmark_0043.jpg,172,216,160,175,1
roadmark_0043.jpg,248,286,158,174,2
roadmark_0043.jpg,104,138,160,174,1
roadmark_0046.jpg,96,131,162,179,1
roadmark_0046.jpg,170,218,164,179,1
roadmark_0046.jpg,253,290,161,176,1
roadmark_0049.jpg,165,220,166,183,1
roadmark_0049.jpg,87,125,164,183,1
roadmark_0049.jpg,256,297,160,181,2
roadmark_0052.jpg,259,308,166,188,2
roadmark_0052.jpg,166,220,166,186,1
roadmark_0052.jpg,77,116,168,186,1
roadmark_0055.jpg,68,104,170,193,1
roadmark_0055.jpg,162,223,172,196,1
roadmark_0055.jpg,264,315,168,190,2
roadmark_0058.jpg,274,326,172,202,2
roadmark_0058.jpg,154,224,174,204,1
roadmark_0058.jpg,53,98,173,198,1
roadmark_0093.jpg,184,216,153,191,3
roadmark_0094.jpg,180,223,156,200,3
roadmark_0095.jpg,179,218,154,204,3
roadmark_0096.jpg,186,214,154,187,3
roadmark_0097.jpg,188,220,154,186,3
roadmark_0098.jpg,189,218,150,180,3
roadmark_0099.jpg,190,216,151,179,3
roadmark_0100.jpg,194,218,150,171,3
roadmark_0101.jpg,188,214,150,172,3
roadmark_0102.jpg,194,216,152,174,3
roadmark_0103.jpg,194,228,146,166,1
roadmark_0103.jpg,74,107,143,160,1
roadmark_0103.jpg,40,66,146,160,1
roadmark_0103.jpg,150,172,145,166,1
roadmark_0105.jpg,142,176,146,168,1
roadmark_0105.jpg,194,231,148,168,1
roadmark_0105.jpg,4,37,144,162,3
roadmark_0105.jpg,32,61,148,162,1
roadmark_0105.jpg,68,107,146,162,1
roadmark_0107.jpg,138,168,147,169,1
roadmark_0107.jpg,192,233,148,171,1
roadmark_0107.jpg,64,102,147,164,1
roadmark_0107.jpg,28,60,149,163,1
roadmark_0109.jpg,140,171,148,173,1
roadmark_0109.jpg,194,236,148,176,1
roadmark_0109.jpg,62,105,149,167,1
roadmark_0109.jpg,22,58,150,166,1
roadmark_0111.jpg,137,166,150,174,1
roadmark_0111.jpg,9,47,148,169,1
roadmark_0111.jpg,50,107,152,172,1
roadmark_0111.jpg,190,238,150,180,1
roadmark_0113.jpg,4,53,150,166,1
roadmark_0113.jpg,132,164,152,180,1
roadmark_0113.jpg,190,240,152,181,1
roadmark_0113.jpg,40,96,151,168,1
roadmark_0115.jpg,33,94,152,169,1
roadmark_0115.jpg,188,242,152,186,1
roadmark_0115.jpg,122,163,152,183,1
roadmark_0115.jpg,0,38,146,171,1
roadmark_0117.jpg,186,245,156,191,1
roadmark_0117.jpg,113,160,153,188,1
roadmark_0117.jpg,22,90,152,173,1
roadmark_0119.jpg,104,159,154,193,1
roadmark_0119.jpg,11,80,150,176,1
roadmark_0119.jpg,188,255,153,204,1
roadmark_0121.jpg,184,259,158,205,1
roadmark_0121.jpg,4,80,148,177,1
roadmark_0121.jpg,87,166,150,201,1
roadmark_0123.jpg,320,400,151,175,3
roadmark_0123.jpg,186,240,152,190,1
roadmark_0123.jpg,96,160,149,190,1
roadmark_0125.jpg,324,400,149,180,3
roadmark_0125.jpg,88,156,155,194,1
roadmark_0125.jpg,182,248,154,196,1
roadmark_0127.jpg,78,152,153,201,1
roadmark_0127.jpg,329,400,150,182,3
roadmark_0127.jpg,182,253,154,206,1
roadmark_0129.jpg,175,198,147,161,3
roadmark_0130.jpg,178,204,148,164,3
roadmark_0131.jpg,180,199,149,164,3
roadmark_0132.jpg,174,203,148,166,3
roadmark_0133.jpg,176,200,150,166,3
roadmark_0133.jpg,117,150,153,168,3
roadmark_0134.jpg,107,150,150,168,3
roadmark_0134.jpg,174,204,150,166,3
roadmark_0135.jpg,176,200,150,170,3
roadmark_0135.jpg,108,149,149,171,3
roadmark_0136.jpg,99,145,152,172,3
roadmark_0136.jpg,176,198,152,172,3
roadmark_0137.jpg,174,206,152,177,3
roadmark_0137.jpg,96,144,154,176,3
roadmark_0139.jpg,168,206,154,181,3
roadmark_0139.jpg,88,144,153,178,3
roadmark_0141.jpg,78,136,156,180,3
roadmark_0141.jpg,167,200,154,186,3
roadmark_0143.jpg,164,200,158,194,3
roadmark_0143.jpg,66,134,154,187,3
roadmark_0145.jpg,158,203,160,198,3
roadmark_0145.jpg,52,132,158,194,3
roadmark_0211.jpg,182,218,147,166,2
roadmark_0212.jpg,180,218,147,164,2
roadmark_0213.jpg,180,222,148,170,2
roadmark_0214.jpg,178,228,150,172,2
roadmark_0215.jpg,176,224,150,176,2
roadmark_0216.jpg,173,224,153,182,2
roadmark_0217.jpg,170,226,153,188,2
roadmark_0218.jpg,162,226,155,196,2
roadmark_0219.jpg,178,214,148,170,2
roadmark_0219.jpg,186,200,137,144,2
roadmark_0220.jpg,187,200,136,143,2
roadmark_0220.jpg,174,214,148,174,2
roadmark_0221.jpg,170,218,150,177,2
roadmark_0221.jpg,184,200,137,144,2
roadmark_0222.jpg,187,203,137,146,2
roadmark_0222.jpg,165,217,152,185,2
roadmark_0223.jpg,163,218,155,195,2
roadmark_0223.jpg,186,202,139,146,2
roadmark_0224.jpg,187,201,140,145,2
roadmark_0224.jpg,140,222,153,206,2
roadmark_0225.jpg,170,219,152,176,2
roadmark_0226.jpg,166,222,152,182,2
roadmark_0227.jpg,162,218,152,188,2
roadmark_0228.jpg,148,220,155,196,2
roadmark_0229.jpg,144,222,157,206,2
roadmark_0242.jpg,194,228,155,190,3
roadmark_0242.jpg,76,155,156,188,3
roadmark_0242.jpg,14,101,150,186,1
roadmark_0242.jpg,0,58,148,174,1
roadmark_0244.jpg,0,49,156,172,1
roadmark_0244.jpg,0,94,153,191,1
roadmark_0244.jpg,62,149,156,195,3
roadmark_0244.jpg,192,228,156,196,3
roadmark_0246.jpg,0,88,158,186,1
roadmark_0246.jpg,42,142,158,204,3
roadmark_0246.jpg,195,231,156,207,3
roadmark_0246.jpg,0,47,156,168,1
roadmark_0248.jpg,192,236,160,218,3
roadmark_0248.jpg,0,81,157,189,1
roadmark_0248.jpg,15,138,158,216,3
roadmark_0250.jpg,0,70,160,189,1
roadmark_0250.jpg,0,132,161,232,3
roadmark_0250.jpg,194,233,158,212,3
roadmark_0252.jpg,197,238,160,212,3
roadmark_0252.jpg,0,62,163,184,1
roadmark_0252.jpg,0,130,164,224,3
roadmark_0253.jpg,199,220,149,164,3
roadmark_0253.jpg,75,117,148,164,1
roadmark_0253.jpg,118,159,148,166,3
roadmark_0253.jpg,28,82,148,164,1
roadmark_0255.jpg,12,75,148,167,1
roadmark_0255.jpg,66,114,150,166,1
roadmark_0255.jpg,112,155,151,167,3
roadmark_0255.jpg,199,220,150,168,3
roadmark_0257.jpg,4,70,150,168,1
roadmark_0257.jpg,54,107,152,168,1
roadmark_0257.jpg,198,222,152,170,3
roadmark_0257.jpg,104,154,149,169,3
roadmark_0259.jpg,97,149,152,173,3
roadmark_0259.jpg,0,70,149,168,1
roadmark_0259.jpg,198,221,152,172,3
roadmark_0259.jpg,44,102,151,172,1
roadmark_0261.jpg,0,58,152,166,1
roadmark_0261.jpg,30,100,150,175,1
roadmark_0261.jpg,88,148,152,177,3
roadmark_0261.jpg,192,226,152,181,3
roadmark_0263.jpg,72,146,156,182,3
roadmark_0263.jpg,196,228,154,184,3
roadmark_0263.jpg,14,90,154,176,1
roadmark_0263.jpg,0,50,153,167,1
roadmark_0265.jpg,0,86,155,184,1
roadmark_0265.jpg,0,45,152,167,1
roadmark_0265.jpg,60,137,154,186,3
roadmark_0265.jpg,197,228,158,188,3
roadmark_0267.jpg,187,232,154,198,3
roadmark_0267.jpg,41,132,158,196,3
roadmark_0267.jpg,0,80,156,184,1
roadmark_0267.jpg,0,40,154,167,1
roadmark_0269.jpg,192,236,157,212,3
roadmark_0269.jpg,0,71,158,182,1
roadmark_0269.jpg,18,130,158,202,3
roadmark_0271.jpg,0,58,160,180,1
roadmark_0271.jpg,0,118,160,212,3
roadmark_0271.jpg,192,238,161,212,3
roadmark_0273.jpg,0,119,164,211,3
roadmark_0273.jpg,0,48,158,183,1
roadmark_0273.jpg,196,236,164,214,3
roadmark_0335.jpg,136,162,156,165,1
roadmark_0335.jpg,156,176,146,154,1
roadmark_0336.jpg,155,174,146,154,1
roadmark_0336.jpg,130,158,156,168,1
roadmark_0337.jpg,125,155,157,169,1
roadmark_0337.jpg,152,174,146,156,1
roadmark_0338.jpg,119,151,158,173,1
roadmark_0338.jpg,148,174,146,156,1
roadmark_0339.jpg,114,144,162,176,1
roadmark_0339.jpg,144,172,148,160,1
roadmark_0340.jpg,138,168,150,158,1
roadmark_0340.jpg,106,142,164,178,1
roadmark_0341.jpg,100,133,164,184,1
roadmark_0341.jpg,140,166,150,162,1
roadmark_0342.jpg,132,166,151,164,1
roadmark_0342.jpg,84,122,169,190,1
roadmark_0343.jpg,66,117,171,200,1
roadmark_0343.jpg,128,163,154,166,1
roadmark_0344.jpg,124,153,154,168,1
roadmark_0344.jpg,162,183,142,148,1
roadmark_0345.jpg,118,148,155,172,1
roadmark_0345.jpg,164,180,142,150,1
roadmark_0346.jpg,107,143,159,174,1
roadmark_0346.jpg,158,180,142,152,1
roadmark_0347.jpg,159,182,145,154,1
roadmark_0347.jpg,101,132,161,177,1
roadmark_0348.jpg,156,178,146,154,1
roadmark_0348.jpg,87,128,164,185,1
roadmark_0349.jpg,132,162,150,169,1
roadmark_0349.jpg,156,180,144,155,1
roadmark_0350.jpg,122,156,157,168,1
roadmark_0350.jpg,156,178,146,154,1
roadmark_0351.jpg,117,153,160,172,1
roadmark_0351.jpg,152,176,148,156,1
roadmark_0352.jpg,150,172,148,158,1
roadmark_0352.jpg,108,147,161,179,1
roadmark_0353.jpg,144,171,149,160,1
roadmark_0353.jpg,94,140,164,186,1
roadmark_0354.jpg,141,172,150,163,1
roadmark_0354.jpg,80,124,169,192,1
roadmark_0355.jpg,134,158,152,166,1
roadmark_0355.jpg,156,178,142,153,1
roadmark_0356.jpg,124,154,154,167,1
roadmark_0356.jpg,154,176,145,156,1
roadmark_0357.jpg,117,148,157,172,1
roadmark_0357.jpg,152,174,145,156,1
roadmark_0358.jpg,109,139,157,176,1
roadmark_0358.jpg,150,171,146,158,1
roadmark_0359.jpg,96,132,162,181,1
roadmark_0359.jpg,144,168,148,158,1
roadmark_0360.jpg,140,166,148,164,1
roadmark_0360.jpg,78,122,168,190,1
roadmark_0361.jpg,136,163,150,164,1
roadmark_0361.jpg,52,109,172,202,1
roadmark_0362.jpg,160,182,142,151,1
roadmark_0362.jpg,126,158,150,167,1
roadmark_0363.jpg,158,178,142,152,1
roadmark_0363.jpg,121,151,154,168,1
roadmark_0364.jpg,112,146,158,174,1
roadmark_0364.jpg,153,176,144,152,1
roadmark_0365.jpg,104,138,162,178,1
roadmark_0365.jpg,154,176,147,154,1
roadmark_0366.jpg,152,176,148,158,1
roadmark_0366.jpg,93,129,165,184,1
roadmark_0367.jpg,148,172,146,158,1
roadmark_0367.jpg,76,121,171,191,1
roadmark_0408.jpg,136,170,153,166,1
roadmark_0409.jpg,132,162,154,166,1
roadmark_0410.jpg,130,162,154,170,1
roadmark_0411.jpg,124,160,156,174,1
roadmark_0412.jpg,120,154,160,175,1
roadmark_0413.jpg,116,154,162,181,1
roadmark_0414.jpg,109,155,162,186,1
roadmark_0415.jpg,106,144,167,189,1
roadmark_0416.jpg,96,137,170,193,1
roadmark_0417.jpg,84,135,174,202,1
roadmark_0418.jpg,183,222,153,166,1
roadmark_0419.jpg,190,225,154,170,1
roadmark_0420.jpg,188,224,154,170,1
roadmark_0421.jpg,185,228,154,174,1
roadmark_0422.jpg,184,221,157,172,1
roadmark_0423.jpg,182,225,160,175,1
roadmark_0424.jpg,180,222,162,177,1
roadmark_0425.jpg,178,225,161,182,1
roadmark_0426.jpg,176,225,163,188,1
roadmark_0427.jpg,171,224,167,186,1
roadmark_0428.jpg,170,226,170,194,1
roadmark_0429.jpg,167,226,174,199,1
roadmark_0430.jpg,162,228,176,206,1
roadmark_0455.jpg,170,186,152,158,1
roadmark_0455.jpg,155,174,156,164,1
roadmark_0456.jpg,156,171,157,164,1
roadmark_0456.jpg,169,186,150,158,1
roadmark_0457.jpg,154,172,158,165,1
roadmark_0457.jpg,168,188,152,158,1
roadmark_0458.jpg,150,170,157,166,1
roadmark_0458.jpg,166,186,152,160,1
roadmark_0459.jpg,167,183,152,158,1
roadmark_0459.jpg,148,169,158,166,1
roadmark_0460.jpg,166,183,153,158,1
roadmark_0460.jpg,144,168,159,168,1
roadmark_0461.jpg,163,184,154,161,1
roadmark_0461.jpg,143,166,160,168,1
roadmark_0462.jpg,162,182,154,164,1
roadmark_0462.jpg,137,164,162,170,1
roadmark_0463.jpg,132,162,158,174,1
roadmark_0463.jpg,158,182,154,164,1
roadmark_0464.jpg,160,180,156,163,1
roadmark_0464.jpg,134,160,163,174,1
roadmark_0465.jpg,130,156,162,176,1
roadmark_0465.jpg,158,178,154,163,1
roadmark_0466.jpg,156,178,154,164,1
roadmark_0466.jpg,126,153,164,176,1
roadmark_0467.jpg,121,151,164,180,1
roadmark_0467.jpg,154,177,156,164,1
roadmark_0468.jpg,152,173,157,166,1
roadmark_0468.jpg,118,147,168,181,1
roadmark_0469.jpg,112,145,169,186,1
roadmark_0469.jpg,149,174,158,166,1
roadmark_0470.jpg,104,137,172,187,1
roadmark_0470.jpg,148,170,160,170,1
roadmark_0471.jpg,143,170,159,170,1
roadmark_0471.jpg,95,136,170,190,1
roadmark_0472.jpg,139,174,158,174,1
roadmark_0472.jpg,86,128,174,196,1
roadmark_0473.jpg,140,165,162,172,1
roadmark_0473.jpg,77,121,178,199,1
roadmark_0474.jpg,63,114,182,208,1
roadmark_0474.jpg,136,166,162,174,1
roadmark_0475.jpg,49,104,183,215,1
roadmark_0475.jpg,131,164,162,177,1
roadmark_0508.jpg,98,128,161,172,1
roadmark_0508.jpg,134,152,156,162,1
roadmark_0509.jpg,134,153,154,164,1
roadmark_0509.jpg,99,122,160,174,1
roadmark_0510.jpg,90,118,162,174,1
roadmark_0510.jpg,130,147,156,164,1
roadmark_0511.jpg,129,149,156,166,1
roadmark_0511.jpg,92,112,162,174,1
roadmark_0512.jpg,124,144,156,166,1
roadmark_0512.jpg,83,108,164,176,1
roadmark_0513.jpg,78,104,168,178,1
roadmark_0513.jpg,118,143,158,166,1
roadmark_0514.jpg,70,96,169,182,1
roadmark_0514.jpg,121,138,158,166,1
roadmark_0515.jpg,112,136,160,167,1
roadmark_0515.jpg,60,92,169,185,1
roadmark_0517.jpg,49,79,170,187,1
roadmark_0517.jpg,109,134,158,172,1
roadmark_0558.jpg,105,124,161,172,1
roadmark_0558.jpg,138,158,153,161,1
roadmark_0559.jpg,137,160,154,164,1
roadmark_0559.jpg,96,120,162,173,1
roadmark_0560.jpg,92,115,162,174,1
roadmark_0560.jpg,134,157,153,162,1
roadmark_0561.jpg,80,110,164,178,1
roadmark_0561.jpg,132,154,154,164,1
roadmark_0562.jpg,74,102,164,178,1
roadmark_0562.jpg,130,150,154,162,1
roadmark_0563.jpg,64,94,168,180,1
roadmark_0563.jpg,126,148,156,162,1
roadmark_0564.jpg,92,118,162,173,1
roadmark_0564.jpg,128,146,156,162,1
roadmark_0565.jpg,106,126,160,168,1
roadmark_0565.jpg,135,152,153,160,1
roadmark_0566.jpg,132,150,154,162,1
roadmark_0566.jpg,100,120,160,169,1
roadmark_0567.jpg,86,108,164,175,1
roadmark_0567.jpg,120,146,156,167,1
roadmark_0568.jpg,78,104,166,180,1
roadmark_0568.jpg,115,142,157,166,1
roadmark_0569.jpg,118,140,157,168,1
roadmark_0569.jpg,64,94,166,181,1
roadmark_0570.jpg,110,137,158,168,1
roadmark_0570.jpg,54,82,170,184,1
roadmark_0571.jpg,38,70,172,187,1
roadmark_0571.jpg,106,130,159,169,1
roadmark_0572.jpg,22,59,176,194,1
roadmark_0572.jpg,101,126,160,169,1
roadmark_0573.jpg,148,162,152,156,1
roadmark_0573.jpg,126,144,156,164,1
roadmark_0574.jpg,121,144,156,164,1
roadmark_0574.jpg,144,160,150,158,1
roadmark_0575.jpg,144,157,152,160,1
roadmark_0575.jpg,118,138,157,166,1
roadmark_0576.jpg,138,158,153,160,1
roadmark_0576.jpg,114,136,160,168,1
roadmark_0577.jpg,107,131,158,170,1
roadmark_0577.jpg,137,156,152,160,1
roadmark_0578.jpg,102,126,160,172,1
roadmark_0578.jpg,132,153,153,161,1
roadmark_0579.jpg,130,152,153,161,1
roadmark_0579.jpg,95,126,159,174,1
roadmark_0580.jpg,125,150,154,162,1
roadmark_0580.jpg,91,116,162,174,1
roadmark_0581.jpg,84,108,165,174,1
roadmark_0581.jpg,124,146,154,162,1
roadmark_0582.jpg,120,145,157,162,1
roadmark_0582.jpg,76,101,164,178,1
roadmark_0583.jpg,63,95,168,180,1
roadmark_0583.jpg,118,142,157,165,1
roadmark_0584.jpg,52,86,171,185,1
roadmark_0584.jpg,112,138,156,166,1
roadmark_0585.jpg,37,72,173,188,1
roadmark_0585.jpg,104,134,156,168,1
roadmark_0589.jpg,109,133,158,170,1
roadmark_0589.jpg,149,163,152,157,1
roadmark_0590.jpg,148,163,152,156,1
roadmark_0590.jpg,104,126,157,169,1
roadmark_0591.jpg,144,162,153,158,1
roadmark_0591.jpg,100,122,161,172,1
roadmark_0592.jpg,94,118,163,173,1
roadmark_0592.jpg,144,159,152,159,1
roadmark_0593.jpg,86,112,164,178,1
roadmark_0593.jpg,144,156,154,160,1
roadmark_0594.jpg,78,103,166,178,1
roadmark_0594.jpg,138,154,154,160,1
roadmark_0595.jpg,115,141,156,166,1
roadmark_0595.jpg,142,159,154,159,1
roadmark_0596.jpg,140,157,153,160,1
roadmark_0596.jpg,114,138,158,165,1
roadmark_0597.jpg,110,132,158,166,1
roadmark_0597.jpg,138,153,154,160,1
roadmark_0598.jpg,132,150,154,160,1
roadmark_0598.jpg,103,129,158,168,1
roadmark_0599.jpg,130,150,154,161,1
roadmark_0599.jpg,96,124,160,170,1
roadmark_0600.jpg,88,118,161,176,1
roadmark_0600.jpg,128,147,156,164,1
roadmark_0601.jpg,122,144,156,165,1
roadmark_0601.jpg,80,109,163,174,1
roadmark_0602.jpg,118,138,158,165,1
roadmark_0602.jpg,73,100,166,178,1
roadmark_0603.jpg,61,92,167,182,1
roadmark_0603.jpg,113,132,160,165,1
roadmark_0604.jpg,104,130,158,166,1
roadmark_0604.jpg,150,174,156,166,1
roadmark_0604.jpg,190,222,154,170,2
roadmark_0607.jpg,144,174,156,170,1
roadmark_0607.jpg,104,126,157,170,1
roadmark_0607.jpg,191,222,156,170,2
roadmark_0610.jpg,98,120,162,170,1
roadmark_0610.jpg,144,168,160,170,1
roadmark_0610.jpg,190,221,160,172,2
roadmark_0613.jpg,138,169,158,172,1
roadmark_0613.jpg,94,115,158,173,1
roadmark_0613.jpg,186,225,158,173,2
roadmark_0616.jpg,134,163,163,171,1
roadmark_0616.jpg,85,110,162,175,1
roadmark_0616.jpg,187,222,160,176,2
roadmark_0619.jpg,79,104,164,174,1
roadmark_0619.jpg,184,222,161,176,2
roadmark_0619.jpg,131,159,164,176,1
roadmark_0622.jpg,184,226,162,180,2
roadmark_0622.jpg,68,98,166,178,1
roadmark_0622.jpg,126,158,166,179,1
roadmark_0625.jpg,58,94,168,182,1
roadmark_0625.jpg,180,224,166,182,2
roadmark_0625.jpg,118,150,167,181,1
roadmark_0628.jpg,46,82,169,184,1
roadmark_0628.jpg,110,146,169,182,1
roadmark_0628.jpg,175,225,166,187,2
roadmark_0631.jpg,38,72,170,184,1
roadmark_0631.jpg,103,142,170,190,1
roadmark_0631.jpg,172,226,170,190,2
roadmark_0634.jpg,168,230,170,194,2
roadmark_0634.jpg,90,130,172,194,1
roadmark_0634.jpg,20,62,173,188,1
roadmark_0637.jpg,4,48,177,196,1
roadmark_0637.jpg,82,128,178,198,1
roadmark_0637.jpg,163,234,178,202,2
roadmark_0640.jpg,146,172,157,166,1
roadmark_0640.jpg,190,220,156,167,2
roadmark_0640.jpg,104,124,157,167,1
roadmark_0643.jpg,188,223,158,169,2
roadmark_0643.jpg,141,170,160,167,1
roadmark_0643.jpg,100,122,159,168,1
roadmark_0646.jpg,186,220,158,170,2
roadmark_0646.jpg,138,166,159,169,1
roadmark_0646.jpg,96,117,158,168,1
roadmark_0649.jpg,137,165,161,170,1
roadmark_0649.jpg,90,112,160,170,1
roadmark_0649.jpg,184,222,158,170,2
roadmark_0652.jpg,134,162,160,172,1
roadmark_0652.jpg,180,220,158,172,2
roadmark_0652.jpg,84,108,161,171,1
roadmark_0655.jpg,182,222,160,172,2
roadmark_0655.jpg,129,158,162,172,1
roadmark_0655.jpg,76,107,163,172,1
roadmark_0658.jpg,178,222,160,176,2
roadmark_0658.jpg,120,158,164,173,1
roadmark_0658.jpg,72,106,161,176,1
roadmark_0661.jpg,120,154,164,174,1
roadmark_0661.jpg,176,220,162,176,2
roadmark_0661.jpg,66,94,165,176,1
roadmark_0664.jpg,174,218,162,177,2
roadmark_0664.jpg,62,88,165,178,1
roadmark_0664.jpg,116,150,165,179,1
roadmark_0667.jpg,172,222,164,180,2
roadmark_0667.jpg,111,144,167,182,1
roadmark_0667.jpg,52,82,167,180,1
roadmark_0670.jpg,167,221,162,182,2
roadmark_0670.jpg,104,141,168,184,1
roadmark_0670.jpg,42,78,166,184,1
roadmark_0673.jpg,164,220,168,185,2
roadmark_0673.jpg,99,137,170,186,1
roadmark_0673.jpg,34,68,168,186,1
roadmark_0676.jpg,27,62,172,186,1
roadmark_0676.jpg,163,218,168,189,2
roadmark_0676.jpg,93,134,172,189,1
roadmark_0679.jpg,159,219,171,187,2
roadmark_0679.jpg,16,56,170,188,1
roadmark_0679.jpg,84,124,173,190,1
roadmark_0682.jpg,152,221,173,193,2
roadmark_0682.jpg,78,120,176,194,1
roadmark_0682.jpg,5,44,174,192,1
roadmark_0684.jpg,150,220,174,196,2
roadmark_0684.jpg,0,36,177,196,1
roadmark_0684.jpg,63,112,177,196,1
roadmark_0686.jpg,145,217,180,202,2
roadmark_0686.jpg,0,30,178,196,1
roadmark_0686.jpg,62,104,181,204,1
roadmark_0688.jpg,49,102,182,207,1
roadmark_0688.jpg,138,218,182,208,2
roadmark_0699.jpg,113,136,160,166,1
roadmark_0700.jpg,109,133,158,166,1
roadmark_0701.jpg,107,130,157,168,1
roadmark_0702.jpg,102,127,158,169,1
roadmark_0703.jpg,100,124,160,169,1
roadmark_0704.jpg,93,121,160,172,1
roadmark_0705.jpg,86,118,162,172,1
roadmark_0706.jpg,80,109,162,174,1
roadmark_0707.jpg,74,104,160,175,1
roadmark_0708.jpg,66,103,165,178,1
roadmark_0709.jpg,62,94,166,180,1
roadmark_0710.jpg,53,87,168,183,1
roadmark_0711.jpg,38,82,168,187,1
roadmark_0738.jpg,134,151,152,161,1
roadmark_0738.jpg,103,122,156,167,1
roadmark_0739.jpg,132,150,153,160,1
roadmark_0739.jpg,98,116,161,169,1
roadmark_0740.jpg,128,148,152,161,1
roadmark_0740.jpg,92,113,160,170,1
roadmark_0741.jpg,126,142,154,160,1
roadmark_0741.jpg,85,106,160,170,1
roadmark_0742.jpg,120,144,156,163,1
roadmark_0742.jpg,79,101,164,174,1
roadmark_0743.jpg,70,94,164,176,1
roadmark_0743.jpg,117,140,157,162,1
roadmark_0744.jpg,60,87,165,178,1
roadmark_0744.jpg,114,136,156,164,1
roadmark_0745.jpg,110,132,154,165,1
roadmark_0745.jpg,48,77,166,180,1
roadmark_0746.jpg,108,132,157,164,1
roadmark_0746.jpg,37,68,168,185,1
roadmark_0747.jpg,96,120,158,169,1
roadmark_0747.jpg,132,147,154,163,1
roadmark_0748.jpg,102,128,160,170,1
roadmark_0749.jpg,96,121,160,172,1
roadmark_0750.jpg,90,117,161,176,1
roadmark_0753.jpg,188,220,142,158,2
roadmark_0760.jpg,145,163,141,149,1
roadmark_0760.jpg,112,134,150,158,1
roadmark_0761.jpg,144,163,143,150,1
roadmark_0761.jpg,110,130,152,160,1
roadmark_0762.jpg,105,125,152,160,1
roadmark_0762.jpg,142,160,142,152,1
roadmark_0763.jpg,137,159,144,153,1
roadmark_0763.jpg,101,122,153,162,1
roadmark_0764.jpg,136,157,145,152,1
roadmark_0764.jpg,95,118,152,164,1
roadmark_0765.jpg,88,115,154,166,1
roadmark_0765.jpg,134,155,144,152,1
roadmark_0766.jpg,133,150,146,152,1
roadmark_0766.jpg,81,104,154,168,1
roadmark_0767.jpg,70,98,157,170,1
roadmark_0767.jpg,132,153,144,154,1
roadmark_0768.jpg,128,148,143,154,1
roadmark_0768.jpg,62,90,158,172,1
roadmark_0769.jpg,125,146,145,156,1
roadmark_0769.jpg,50,80,161,176,1
roadmark_0770.jpg,122,143,148,156,1
roadmark_0770.jpg,38,71,164,180,1
roadmark_0771.jpg,154,172,146,156,1
roadmark_0771.jpg,165,180,144,148,1
roadmark_0772.jpg,164,180,142,150,1
roadmark_0772.jpg,150,172,146,156,1
roadmark_0773.jpg,163,178,142,150,1
roadmark_0773.jpg,146,171,149,158,1
roadmark_0774.jpg,162,179,144,150,1
roadmark_0774.jpg,144,169,150,157,1
roadmark_0775.jpg,140,166,150,160,1
roadmark_0775.jpg,158,178,145,152,1
roadmark_0776.jpg,156,176,146,153,1
roadmark_0776.jpg,139,164,152,160,1
roadmark_0777.jpg,156,180,147,153,1
roadmark_0777.jpg,134,160,153,162,1
roadmark_0778.jpg,128,157,154,165,1
roadmark_0778.jpg,152,174,146,153,1
roadmark_0779.jpg,134,155,140,146,1
roadmark_0779.jpg,102,120,144,154,1
roadmark_0780.jpg,133,152,140,149,1
roadmark_0780.jpg,99,116,146,154,1
roadmark_0781.jpg,128,152,140,148,1
roadmark_0781.jpg,90,116,148,158,1
roadmark_0782.jpg,126,148,142,150,1
roadmark_0782.jpg,80,105,148,160,1
roadmark_0783.jpg,121,145,142,150,1
roadmark_0783.jpg,79,101,148,160,1
roadmark_0784.jpg,70,96,150,160,1
roadmark_0784.jpg,122,138,143,150,1
roadmark_0785.jpg,60,88,151,164,1
roadmark_0785.jpg,118,138,144,150,1
roadmark_0786.jpg,52,76,154,166,1
roadmark_0786.jpg,116,136,144,153,1
roadmark_0787.jpg,38,74,156,168,1
roadmark_0787.jpg,110,128,146,154,1
roadmark_0788.jpg,30,59,157,174,1
roadmark_0788.jpg,108,126,146,156,1
roadmark_0789.jpg,136,154,142,150,1
roadmark_0789.jpg,74,102,154,166,1
roadmark_0790.jpg,68,94,154,166,1
roadmark_0790.jpg,137,150,142,148,1
roadmark_0791.jpg,60,88,156,166,1
roadmark_0791.jpg,130,150,143,150,1
roadmark_0792.jpg,52,78,156,168,1
roadmark_0792.jpg,130,148,142,150,1
roadmark_0793.jpg,71,98,156,166,1
roadmark_0794.jpg,66,91,154,166,1
roadmark_0795.jpg,59,86,154,168,1
roadmark_0796.jpg,285,308,143,154,2
roadmark_0796.jpg,38,94,148,162,1
roadmark_0796.jpg,7,57,147,162,1
roadmark_0797.jpg,288,317,142,157,2
roadmark_0797.jpg,0,42,148,166,1
roadmark_0797.jpg,31,90,148,164,1
roadmark_0797.jpg,193,205,138,143,3
roadmark_0798.jpg,0,74,144,162,1
roadmark_0798.jpg,26,90,148,164,1
roadmark_0798.jpg,292,315,143,152,2
roadmark_0798.jpg,194,206,136,142,3
roadmark_0799.jpg,298,316,142,154,2
roadmark_0799.jpg,0,62,146,164,1
roadmark_0799.jpg,18,83,149,166,1
roadmark_0799.jpg,196,206,137,143,3
roadmark_0800.jpg,12,82,150,168,1
roadmark_0800.jpg,299,326,142,155,2
roadmark_0800.jpg,0,49,148,162,1
roadmark_0800.jpg,193,206,136,144,3
roadmark_0801.jpg,298,333,141,156,2
roadmark_0801.jpg,196,208,136,144,3
roadmark_0801.jpg,0,78,150,168,1
roadmark_0802.jpg,302,338,144,158,2
roadmark_0802.jpg,0,74,149,168,1
roadmark_0802.jpg,198,208,136,141,3
roadmark_0803.jpg,307,344,143,158,2
roadmark_0803.jpg,0,68,148,168,1
roadmark_0803.jpg,198,212,137,143,3
roadmark_0804.jpg,315,354,144,158,2
roadmark_0804.jpg,197,210,136,143,3
roadmark_0804.jpg,0,68,150,168,1
roadmark_0805.jpg,200,210,136,143,3
roadmark_0805.jpg,0,62,152,172,1
roadmark_0805.jpg,320,355,142,157,2
roadmark_0806.jpg,202,212,137,143,3
roadmark_0806.jpg,325,362,144,162,2
roadmark_0807.jpg,201,214,137,144,3
roadmark_0807.jpg,328,370,145,161,2
roadmark_0808.jpg,332,382,146,164,2
roadmark_0808.jpg,202,214,137,144,3
roadmark_0809.jpg,340,392,148,166,2
roadmark_0809.jpg,205,217,138,144,3
roadmark_0810.jpg,96,114,150,158,1
roadmark_0810.jpg,132,149,142,152,1
roadmark_0811.jpg,88,106,150,160,1
roadmark_0811.jpg,132,145,144,150,1
roadmark_0812.jpg,128,142,143,152,1
roadmark_0812.jpg,82,107,154,166,1
roadmark_0813.jpg,122,140,145,152,1
roadmark_0813.jpg,74,102,152,163,1
roadmark_0814.jpg,66,92,154,164,1
roadmark_0814.jpg,120,139,144,154,1
roadmark_0815.jpg,116,134,146,154,1
roadmark_0815.jpg,60,82,156,167,1
roadmark_0816.jpg,48,74,157,170,1
roadmark_0816.jpg,108,132,148,157,1
roadmark_0817.jpg,38,64,158,174,1
roadmark_0817.jpg,102,128,148,158,1
roadmark_0822.jpg,106,132,148,161,1
roadmark_0823.jpg,91,118,153,160,1
roadmark_0824.jpg,67,128,146,172,1
roadmark_0825.jpg,60,122,149,180,1
roadmark_0826.jpg,47,120,153,184,1
roadmark_0827.jpg,31,113,154,187,1
roadmark_0828.jpg,13,114,156,194,1
roadmark_0829.jpg,85,116,146,163,1
roadmark_0830.jpg,80,110,149,163,1
roadmark_0831.jpg,30,90,145,166,1
roadmark_0831.jpg,76,126,150,169,1
roadmark_0832.jpg,72,124,149,170,1
roadmark_0832.jpg,20,80,148,168,1
roadmark_0833.jpg,60,118,150,174,1
roadmark_0833.jpg,10,80,148,170,1
roadmark_0834.jpg,0,74,144,173,1
roadmark_0834.jpg,53,114,150,174,1
roadmark_0835.jpg,44,112,151,178,1
roadmark_0835.jpg,0,67,144,174,1
roadmark_0836.jpg,0,68,150,174,1
roadmark_0836.jpg,34,109,154,182,1
roadmark_0837.jpg,0,57,154,172,1
roadmark_0837.jpg,21,100,152,184,1
roadmark_0838.jpg,8,96,156,188,1
roadmark_0838.jpg,0,50,154,174,1
roadmark_0839.jpg,34,76,162,177,1
roadmark_0840.jpg,57,82,160,172,1
roadmark_0841.jpg,284,364,154,192,2
roadmark_0842.jpg,0,58,149,168,3
roadmark_0842.jpg,8,102,152,177,3
roadmark_0842.jpg,284,349,148,180,2
roadmark_0843.jpg,26,108,149,173,3
roadmark_0843.jpg,0,66,148,167,3
roadmark_0843.jpg,275,335,148,173,2
roadmark_0844.jpg,15,98,154,182,1
roadmark_0844.jpg,0,54,151,168,1
roadmark_0845.jpg,0,50,155,170,1
roadmark_0845.jpg,0,94,156,186,1
roadmark_0851.jpg,113,132,146,155,1
roadmark_0851.jpg,148,162,138,147,1
roadmark_0852.jpg,114,129,146,156,1
roadmark_0852.jpg,148,160,140,148,1
roadmark_0853.jpg,146,159,140,146,1
roadmark_0853.jpg,108,126,146,156,1
roadmark_0854.jpg,146,159,140,146,1
roadmark_0854.jpg,106,126,146,157,1
roadmark_0855.jpg,142,158,140,148,1
roadmark_0855.jpg,104,123,148,157,1
roadmark_0856.jpg,145,158,142,146,1
roadmark_0856.jpg,99,120,148,158,1
roadmark_0857.jpg,138,158,142,148,1
roadmark_0857.jpg,93,115,148,160,1
roadmark_0858.jpg,90,114,149,163,1
roadmark_0858.jpg,138,156,142,150,1
roadmark_0859.jpg,136,155,142,150,1
roadmark_0859.jpg,83,111,149,162,1
roadmark_0860.jpg,74,110,150,165,1
roadmark_0860.jpg,136,152,143,149,1
roadmark_0861.jpg,66,103,152,166,1
roadmark_0861.jpg,134,152,142,152,1
roadmark_0862.jpg,21,78,156,177,1
roadmark_0862.jpg,122,146,143,153,1
roadmark_0864.jpg,118,144,143,156,1
roadmark_0864.jpg,3,72,160,183,1
roadmark_0866.jpg,122,142,142,156,1
roadmark_0866.jpg,0,67,158,186,1
roadmark_0867.jpg,0,52,162,186,1
roadmark_0867.jpg,113,146,141,159,1
roadmark_0868.jpg,105,142,142,161,1
roadmark_0868.jpg,0,46,161,184,1
roadmark_0869.jpg,108,144,144,158,1
roadmark_0870.jpg,103,138,146,160,1
roadmark_0871.jpg,100,132,144,162,1
roadmark_0872.jpg,92,132,146,164,1
roadmark_0873.jpg,91,129,146,164,1
roadmark_0874.jpg,84,125,146,165,1
roadmark_0875.jpg,78,124,147,166,1
roadmark_0876.jpg,74,118,148,168,1
roadmark_0877.jpg,65,116,146,170,1
roadmark_0878.jpg,52,114,149,170,1
roadmark_0879.jpg,50,112,150,174,1
roadmark_0880.jpg,41,107,151,176,1
roadmark_0881.jpg,22,102,150,182,1
roadmark_0882.jpg,8,96,150,184,1
roadmark_0883.jpg,2,90,154,190,1
roadmark_0884.jpg,0,85,154,187,1
roadmark_0885.jpg,0,79,154,198,1
roadmark_0886.jpg,55,88,154,170,1
roadmark_0886.jpg,114,136,148,157,1
roadmark_0887.jpg,109,132,146,160,1
roadmark_0887.jpg,50,78,158,174,1
roadmark_0888.jpg,86,105,149,161,1
roadmark_0888.jpg,115,134,143,153,1
roadmark_0889.jpg,114,133,146,152,1
roadmark_0889.jpg,83,104,150,161,1
roadmark_0890.jpg,88,109,149,158,1
roadmark_0890.jpg,14,50,160,176,1
roadmark_0891.jpg,102,129,156,168,1
roadmark_0891.jpg,134,152,153,160,1
roadmark_0892.jpg,116,137,156,164,1
roadmark_0892.jpg,78,100,162,174,1
roadmark_0893.jpg,100,128,158,166,1
roadmark_0893.jpg,36,71,165,184,1
roadmark_0894.jpg,125,147,155,166,1
roadmark_0899.jpg,144,171,152,164,1
roadmark_0900.jpg,128,157,156,172,1
roadmark_0901.jpg,88,129,166,186,1
roadmark_0902.jpg,136,166,157,170,1
roadmark_0903.jpg,108,142,161,178,1
roadmark_0904.jpg,138,172,157,174,1
roadmark_0905.jpg,102,145,166,192,1
roadmark_0906.jpg,138,168,157,170,1
roadmark_0907.jpg,100,146,168,188,1
roadmark_0908.jpg,148,173,156,164,1
roadmark_0909.jpg,138,168,160,170,1
roadmark_0910.jpg,122,160,166,182,1
roadmark_0911.jpg,94,145,172,192,1
roadmark_0912.jpg,195,216,150,162,1
roadmark_0913.jpg,190,216,154,161,1
roadmark_0914.jpg,184,215,157,168,1
roadmark_0915.jpg,169,216,162,183,1
roadmark_0916.jpg,179,242,178,203,1
roadmark_0917.jpg,181,242,174,202,1
roadmark_0922.jpg,177,191,150,154,1
roadmark_0922.jpg,154,183,154,166,1
roadmark_0923.jpg,144,170,154,170,1
roadmark_0924.jpg,112,152,166,183,1
roadmark_0924.jpg,170,186,150,158,1
roadmark_0925.jpg,156,176,154,162,1
roadmark_0925.jpg,0,76,196,242,1
roadmark_0926.jpg,140,168,157,168,1
roadmark_0927.jpg,113,150,168,182,1
roadmark_0928.jpg,166,186,152,160,1
roadmark_0929.jpg,158,181,152,162,1
roadmark_0930.jpg,172,188,148,156,1
roadmark_0930.jpg,143,172,156,168,1
roadmark_0931.jpg,163,183,150,157,1
roadmark_0931.jpg,122,158,164,180,1
roadmark_0932.jpg,160,178,150,160,1
roadmark_0933.jpg,159,178,150,160,1
roadmark_0934.jpg,158,176,154,160,1
roadmark_0935.jpg,152,177,153,160,1
roadmark_0936.jpg,152,174,153,162,1
roadmark_0937.jpg,150,172,154,160,1
roadmark_0938.jpg,150,172,154,161,1
roadmark_0939.jpg,150,174,154,165,1
roadmark_0940.jpg,147,174,154,165,1
roadmark_0941.jpg,146,170,154,166,1
roadmark_0942.jpg,147,170,156,164,1
roadmark_0943.jpg,147,174,154,166,1
roadmark_0944.jpg,147,174,154,168,1
roadmark_0945.jpg,149,172,156,164,1
roadmark_0946.jpg,148,170,156,165,1
roadmark_0947.jpg,146,172,157,166,1
roadmark_0948.jpg,144,171,156,166,1
roadmark_0949.jpg,143,171,158,168,1
roadmark_0950.jpg,140,168,158,170,1
roadmark_0951.jpg,137,167,158,170,1
roadmark_0952.jpg,134,168,161,174,1
roadmark_0953.jpg,128,160,163,176,1
roadmark_0954.jpg,118,156,165,182,1
roadmark_0955.jpg,110,147,168,186,1
roadmark_0956.jpg,92,134,173,196,1
roadmark_0966.jpg,167,186,150,158,1
roadmark_0967.jpg,158,182,153,162,1
roadmark_0968.jpg,153,182,156,167,1
roadmark_0969.jpg,146,174,156,168,1
roadmark_0970.jpg,139,170,162,174,1
roadmark_0971.jpg,122,160,164,180,1
roadmark_0972.jpg,104,150,166,186,1
roadmark_0973.jpg,91,142,172,199,1
roadmark_0981.jpg,168,187,150,156,1
roadmark_0986.jpg,168,186,148,156,1
roadmark_0991.jpg,164,186,150,159,1
roadmark_0994.jpg,166,184,150,158,1
roadmark_0997.jpg,162,187,151,161,1
roadmark_1000.jpg,164,184,152,160,1
roadmark_1002.jpg,157,186,151,162,1
roadmark_1003.jpg,160,182,152,162,1
roadmark_1004.jpg,159,182,154,162,1
roadmark_1005.jpg,154,180,152,164,1
roadmark_1006.jpg,155,180,154,164,1
roadmark_1007.jpg,156,182,154,165,1
roadmark_1008.jpg,158,180,155,165,1
roadmark_1009.jpg,156,179,152,164,1
roadmark_1010.jpg,154,177,154,165,1
roadmark_1011.jpg,154,176,156,165,1
roadmark_1012.jpg,151,174,156,165,1
roadmark_1013.jpg,151,175,156,166,1
roadmark_1014.jpg,148,176,156,168,1
roadmark_1015.jpg,149,175,157,167,1
roadmark_1016.jpg,148,175,158,168,1
roadmark_1017.jpg,148,175,157,168,1
roadmark_1018.jpg,144,176,158,168,1
roadmark_1019.jpg,146,176,157,168,1
roadmark_1020.jpg,148,174,158,168,1
roadmark_1021.jpg,146,174,159,168,1
roadmark_1022.jpg,147,176,158,168,1
roadmark_1023.jpg,147,175,156,168,1
roadmark_1024.jpg,146,176,158,168,1
roadmark_1025.jpg,140,176,154,168,1
roadmark_1026.jpg,142,174,156,168,1
roadmark_1027.jpg,141,174,157,170,1
roadmark_1028.jpg,146,176,156,169,1
roadmark_1029.jpg,146,176,154,169,1
roadmark_1030.jpg,148,175,156,169,1
roadmark_1031.jpg,146,174,157,168,1
roadmark_1032.jpg,144,176,158,169,1
roadmark_1033.jpg,147,174,156,168,1
roadmark_1034.jpg,144,174,154,168,1
roadmark_1035.jpg,144,175,156,168,1
roadmark_1036.jpg,147,174,158,170,1
roadmark_1037.jpg,146,174,157,168,1
roadmark_1038.jpg,145,176,157,168,1
roadmark_1039.jpg,150,174,158,168,1
roadmark_1040.jpg,146,178,155,169,1
roadmark_1041.jpg,148,172,158,169,1
roadmark_1042.jpg,145,174,157,169,1
roadmark_1043.jpg,143,174,161,168,1
roadmark_1044.jpg,146,171,159,169,1
roadmark_1045.jpg,144,174,158,170,1
roadmark_1089.jpg,190,206,154,161,3
roadmark_1089.jpg,184,206,169,190,3
roadmark_1089.jpg,186,236,176,190,2
roadmark_1089.jpg,196,216,156,162,2
roadmark_1089.jpg,114,148,172,189,1
roadmark_1089.jpg,161,180,155,162,1
roadmark_1092.jpg,198,222,164,172,2
roadmark_1092.jpg,146,170,159,170,1
roadmark_1092.jpg,190,203,158,172,3
roadmark_1092.jpg,0,82,200,244,1
roadmark_1094.jpg,186,206,160,179,3
roadmark_1094.jpg,190,224,168,177,2
roadmark_1094.jpg,132,164,162,176,1
roadmark_1099.jpg,182,234,182,202,2
roadmark_1099.jpg,100,139,176,200,1
roadmark_1099.jpg,176,207,172,201,3
roadmark_1103.jpg,198,231,170,186,2
roadmark_1103.jpg,123,158,166,184,1
roadmark_1103.jpg,186,208,164,185,3
roadmark_1104.jpg,196,236,175,191,2
roadmark_1104.jpg,186,209,164,195,3
roadmark_1104.jpg,125,156,168,182,1
roadmark_1106.jpg,193,221,160,180,3
roadmark_1106.jpg,247,290,162,178,2
roadmark_1108.jpg,190,218,169,187,3
roadmark_1108.jpg,258,304,167,184,2
roadmark_1111.jpg,92,130,170,184,1
roadmark_1112.jpg,176,205,162,172,1
roadmark_1112.jpg,200,214,152,158,1
roadmark_1112.jpg,227,241,160,172,3
roadmark_1112.jpg,236,260,163,174,2
roadmark_1112.jpg,232,242,153,159,2
roadmark_1112.jpg,228,234,150,158,3
roadmark_1114.jpg,234,254,162,182,3
roadmark_1114.jpg,232,242,151,160,3
roadmark_1114.jpg,206,224,153,160,1
roadmark_1114.jpg,240,254,152,160,2
roadmark_1114.jpg,176,210,166,179,1
roadmark_1114.jpg,246,282,168,180,2
roadmark_1116.jpg,206,225,154,162,1
roadmark_1116.jpg,238,249,154,162,3
roadmark_1116.jpg,260,300,174,192,2
roadmark_1116.jpg,246,262,154,162,2
roadmark_1116.jpg,171,213,170,190,1
roadmark_1116.jpg,241,271,168,192,3
roadmark_1118.jpg,246,264,160,176,3
roadmark_1118.jpg,262,286,164,176,2
roadmark_1118.jpg,197,230,161,175,1
roadmark_1120.jpg,262,292,168,182,2
roadmark_1120.jpg,192,228,165,181,1
roadmark_1120.jpg,246,269,164,182,3
roadmark_1122.jpg,249,276,165,188,3
roadmark_1122.jpg,267,302,172,187,2
roadmark_1122.jpg,186,234,169,190,1
roadmark_1148.jpg,112,151,163,176,1
roadmark_1149.jpg,81,123,173,194,1
roadmark_1150.jpg,116,142,158,170,1
roadmark_1150.jpg,101,132,170,182,1
roadmark_1151.jpg,106,136,157,172,1
roadmark_1151.jpg,74,110,169,187,1
roadmark_1152.jpg,103,126,162,176,1
roadmark_1152.jpg,178,218,164,178,2
roadmark_1152.jpg,121,148,162,180,3
roadmark_1152.jpg,98,152,188,222,3
roadmark_1154.jpg,180,222,166,184,2
roadmark_1154.jpg,106,138,161,189,3
roadmark_1154.jpg,78,114,164,188,1
roadmark_1156.jpg,74,106,172,193,1
roadmark_1156.jpg,90,132,169,193,3
roadmark_1156.jpg,175,230,170,196,2
roadmark_1159.jpg,182,216,158,172,2
roadmark_1159.jpg,84,110,168,183,1
roadmark_1159.jpg,97,138,162,182,3
roadmark_1160.jpg,157,224,166,194,2
roadmark_1160.jpg,1,48,186,220,1
roadmark_1160.jpg,0,96,178,218,3
roadmark_1165.jpg,88,116,160,174,1
roadmark_1165.jpg,136,163,160,175,3
roadmark_1165.jpg,192,220,162,175,3
roadmark_1168.jpg,197,216,162,175,3
roadmark_1168.jpg,132,162,162,177,3
roadmark_1171.jpg,97,135,164,189,1
roadmark_1171.jpg,153,178,154,162,1
roadmark_1172.jpg,102,140,166,184,1
roadmark_1185.jpg,251,294,158,177,2
roadmark_1185.jpg,197,216,160,174,3
roadmark_1186.jpg,270,304,163,180,2
roadmark_1186.jpg,200,217,157,168,3
roadmark_1187.jpg,284,324,170,187,2
roadmark_1187.jpg,194,224,157,173,3
roadmark_1189.jpg,116,150,168,185,1
roadmark_1189.jpg,142,177,158,168,1
roadmark_1190.jpg,166,201,158,184,1
roadmark_1193.jpg,38,104,165,191,3
roadmark_1193.jpg,183,225,160,194,1
roadmark_1199.jpg,154,182,150,170,1
roadmark_1200.jpg,131,176,152,176,1
roadmark_1201.jpg,124,170,156,182,1
roadmark_1202.jpg,112,162,158,192,1
roadmark_1203.jpg,96,162,162,200,1
roadmark_1204.jpg,90,160,162,205,1
roadmark_1205.jpg,88,157,166,204,1
roadmark_1206.jpg,85,158,162,207,1
roadmark_1207.jpg,86,156,162,208,1
roadmark_1208.jpg,91,164,164,207,1
roadmark_1258.jpg,74,158,166,214,1
roadmark_1259.jpg,72,154,165,212,1
roadmark_1260.jpg,100,156,164,194,1
roadmark_1260.jpg,168,220,164,195,1
roadmark_1261.jpg,76,144,166,216,1
roadmark_1261.jpg,168,224,168,214,1
roadmark_1263.jpg,172,210,156,178,2
roadmark_1264.jpg,154,218,160,202,2
roadmark_1265.jpg,176,220,158,184,2
roadmark_1266.jpg,187,202,146,154,2
roadmark_1266.jpg,170,218,156,190,2
roadmark_1267.jpg,160,221,157,191,2
roadmark_1270.jpg,69,98,166,177,1
roadmark_1271.jpg,60,91,166,177,1
roadmark_1272.jpg,254,286,154,170,2
roadmark_1273.jpg,58,124,157,177,3
roadmark_1273.jpg,270,312,154,178,2
roadmark_1273.jpg,9,85,157,172,3
roadmark_1275.jpg,63,101,152,166,1
roadmark_1275.jpg,100,132,154,167,1
roadmark_1275.jpg,195,221,154,167,3
roadmark_1275.jpg,140,176,154,166,3
roadmark_1277.jpg,195,226,160,186,3
roadmark_1277.jpg,90,154,162,186,3
roadmark_1277.jpg,0,72,152,176,1
roadmark_1277.jpg,32,104,160,182,1
roadmark_1279.jpg,87,120,156,170,1
roadmark_1280.jpg,60,118,157,182,1
roadmark_1288.jpg,54,90,162,182,1
roadmark_1288.jpg,118,134,156,164,1
roadmark_1289.jpg,113,139,153,163,1
roadmark_1289.jpg,74,97,161,174,1
roadmark_1292.jpg,154,176,153,164,1
roadmark_1292.jpg,132,160,162,176,1
roadmark_1293.jpg,112,138,166,182,1
roadmark_1293.jpg,158,177,153,160,1
roadmark_1294.jpg,128,156,161,174,1
roadmark_1294.jpg,153,176,154,162,1
roadmark_1295.jpg,126,152,161,174,1
roadmark_1295.jpg,154,174,150,162,1
roadmark_1296.jpg,135,162,160,170,1
roadmark_1296.jpg,162,182,150,158,1
roadmark_1297.jpg,149,172,154,165,1
roadmark_1297.jpg,98,136,168,188,1
roadmark_1304.jpg,134,167,160,172,1
roadmark_1305.jpg,106,155,164,192,1
roadmark_1306.jpg,200,224,152,163,1
roadmark_1307.jpg,193,222,158,172,1
roadmark_1308.jpg,184,223,162,180,1
roadmark_1309.jpg,170,229,170,196,1
roadmark_1313.jpg,132,152,146,153,1
roadmark_1313.jpg,88,112,154,166,1
roadmark_1314.jpg,125,142,148,156,1
roadmark_1314.jpg,34,88,161,180,1
roadmark_1315.jpg,98,122,153,162,1
roadmark_1315.jpg,130,152,146,155,1
roadmark_1316.jpg,18,65,166,187,1
roadmark_1316.jpg,102,124,150,162,1
roadmark_1317.jpg,51,84,160,178,1
roadmark_1317.jpg,111,136,148,158,1
roadmark_1318.jpg,92,118,156,168,1
roadmark_1318.jpg,138,160,144,152,1
roadmark_1319.jpg,110,132,150,162,1
roadmark_1319.jpg,52,84,160,178,1
roadmark_1320.jpg,43,74,163,180,1
roadmark_1320.jpg,106,144,163,180,1
roadmark_1320.jpg,178,230,162,180,2
roadmark_1323.jpg,133,165,155,169,1
roadmark_1324.jpg,155,180,149,161,1
roadmark_1325.jpg,103,152,158,181,1
roadmark_1330.jpg,154,172,144,156,1
roadmark_1330.jpg,120,150,154,166,1
roadmark_1331.jpg,134,162,150,160,1
roadmark_1331.jpg,78,117,164,186,1
roadmark_1332.jpg,150,172,145,158,1
roadmark_1332.jpg,110,138,155,170,1
roadmark_1333.jpg,144,168,148,156,1
roadmark_1333.jpg,113,139,156,170,1
roadmark_1334.jpg,80,120,161,182,1
roadmark_1334.jpg,134,160,148,162,1
roadmark_1335.jpg,84,109,154,166,1
roadmark_1336.jpg,52,86,158,172,1
roadmark_1337.jpg,7,51,162,184,1
roadmark_1338.jpg,140,166,148,160,1
roadmark_1339.jpg,124,158,152,164,1
roadmark_1340.jpg,97,141,156,175,1
roadmark_1341.jpg,62,120,162,190,1
roadmark_1343.jpg,122,160,152,167,1
roadmark_1344.jpg,75,124,166,188,1
roadmark_1345.jpg,136,166,150,162,1
roadmark_1346.jpg,95,138,162,180,1
roadmark_1347.jpg,135,168,149,161,1
roadmark_1348.jpg,114,153,158,174,1
roadmark_1349.jpg,72,126,168,194,1
roadmark_1350.jpg,130,158,152,162,1
roadmark_1351.jpg,98,136,160,174,1
roadmark_1352.jpg,62,108,170,193,1
roadmark_1353.jpg,180,208,147,158,1
roadmark_1354.jpg,179,208,150,162,1
roadmark_1355.jpg,171,213,156,170,1
roadmark_1356.jpg,212,225,140,144,1
roadmark_1356.jpg,158,211,158,182,1
roadmark_1357.jpg,148,203,167,196,1
roadmark_1357.jpg,208,221,140,145,1
roadmark_1362.jpg,96,128,153,164,1
roadmark_1363.jpg,36,92,164,180,1
roadmark_1366.jpg,114,140,146,157,1
roadmark_1366.jpg,74,98,156,167,1
roadmark_1367.jpg,104,129,148,159,1
roadmark_1367.jpg,38,78,156,174,1
roadmark_1368.jpg,86,119,154,168,1
roadmark_1368.jpg,121,147,146,156,1
roadmark_1369.jpg,108,130,148,157,1
roadmark_1369.jpg,40,76,157,174,1
roadmark_1370.jpg,109,138,148,156,1
roadmark_1370.jpg,62,90,153,169,1
roadmark_1371.jpg,108,148,151,170,3
roadmark_1371.jpg,178,200,150,172,3
roadmark_1373.jpg,164,206,159,186,3
roadmark_1373.jpg,78,138,154,182,3
roadmark_1375.jpg,67,108,148,161,1
roadmark_1375.jpg,188,218,146,162,2
roadmark_1380.jpg,188,220,148,170,1
roadmark_1381.jpg,179,226,155,196,1
roadmark_1405.jpg,90,129,148,168,1
roadmark_1405.jpg,197,216,149,168,3
roadmark_1405.jpg,141,168,150,166,1
roadmark_1408.jpg,192,230,154,189,3
roadmark_1408.jpg,263,314,152,182,2
roadmark_1408.jpg,104,155,152,184,1
roadmark_1408.jpg,36,111,149,181,1
roadmark_1423.jpg,217,232,141,148,3
roadmark_1423.jpg,190,240,161,182,2
roadmark_1423.jpg,235,252,140,147,2
roadmark_1423.jpg,122,150,160,180,1
roadmark_1423.jpg,138,178,154,178,3
roadmark_1426.jpg,214,226,140,148,3
roadmark_1426.jpg,234,250,142,147,2
roadmark_1426.jpg,109,140,162,182,1
roadmark_1426.jpg,182,240,165,186,2
roadmark_1426.jpg,125,172,158,181,3
roadmark_1433.jpg,74,96,156,168,1
roadmark_1433.jpg,120,140,148,156,1
roadmark_1434.jpg,51,80,160,173,1
roadmark_1434.jpg,111,130,149,156,1
roadmark_1435.jpg,106,126,146,160,1
roadmark_1435.jpg,46,72,160,171,1
roadmark_1437.jpg,130,158,152,168,1
roadmark_1437.jpg,151,173,146,155,1
roadmark_1438.jpg,101,136,162,176,1
roadmark_1438.jpg,138,166,150,161,1
roadmark_1439.jpg,130,153,152,160,1
roadmark_1439.jpg,160,178,142,148,1
roadmark_1440.jpg,92,129,162,178,1
roadmark_1440.jpg,148,170,146,154,1
roadmark_1441.jpg,64,94,159,172,1
roadmark_1441.jpg,114,138,148,160,1
roadmark_1442.jpg,90,116,155,170,1
roadmark_1442.jpg,125,150,148,154,1
roadmark_1443.jpg,109,133,150,162,1
roadmark_1443.jpg,32,68,167,186,1
